method,anomaly_type,count_adaptive,count_static,diff_abs,diff_pct,valid_n
CAPPED_minmax_IFw1080q010_AEw1080q950,Point,457,1465,-1008,-69%,69409
CAPPED_minmax_IFw1080q010_AEw1080q950,Pattern,2932,2853,79,3%,69409
CAPPED_minmax_IFw1080q010_AEw1080q950,Compound,259,618,-359,-58%,69409
CAPPED_minmax_IFw1080q010_AEw1080q975,Point,506,1465,-959,-65%,69409
CAPPED_minmax_IFw1080q010_AEw1080q975,Pattern,1641,2853,-1212,-42%,69409
CAPPED_minmax_IFw1080q010_AEw1080q975,Compound,210,618,-408,-66%,69409
CAPPED_minmax_IFw1080q010_AEw1080q990,Point,561,1465,-904,-62%,69409
CAPPED_minmax_IFw1080q010_AEw1080q990,Pattern,785,2853,-2068,-72%,69409
CAPPED_minmax_IFw1080q010_AEw1080q990,Compound,155,618,-463,-75%,69409
CAPPED_minmax_IFw1080q010_AEw336q950,Point,445,1465,-1020,-70%,69409
CAPPED_minmax_IFw1080q010_AEw336q950,Pattern,3444,2853,591,21%,69409
CAPPED_minmax_IFw1080q010_AEw336q950,Compound,271,618,-347,-56%,69409
CAPPED_minmax_IFw1080q010_AEw336q975,Point,490,1465,-975,-67%,69409
CAPPED_minmax_IFw1080q010_AEw336q975,Pattern,2072,2853,-781,-27%,69409
CAPPED_minmax_IFw1080q010_AEw336q975,Compound,226,618,-392,-63%,69409
CAPPED_minmax_IFw1080q010_AEw336q990,Point,530,1465,-935,-64%,69409
CAPPED_minmax_IFw1080q010_AEw336q990,Pattern,1164,2853,-1689,-59%,69409
CAPPED_minmax_IFw1080q010_AEw336q990,Compound,186,618,-432,-70%,69409
CAPPED_minmax_IFw1080q010_AEw720q950,Point,458,1465,-1007,-69%,69409
CAPPED_minmax_IFw1080q010_AEw720q950,Pattern,3050,2853,197,7%,69409
CAPPED_minmax_IFw1080q010_AEw720q950,Compound,258,618,-360,-58%,69409
CAPPED_minmax_IFw1080q010_AEw720q975,Point,503,1465,-962,-66%,69409
CAPPED_minmax_IFw1080q010_AEw720q975,Pattern,1697,2853,-1156,-41%,69409
CAPPED_minmax_IFw1080q010_AEw720q975,Compound,213,618,-405,-66%,69409
CAPPED_minmax_IFw1080q010_AEw720q990,Point,551,1465,-914,-62%,69409
CAPPED_minmax_IFw1080q010_AEw720q990,Pattern,871,2853,-1982,-69%,69409
CAPPED_minmax_IFw1080q010_AEw720q990,Compound,165,618,-453,-73%,69409
CAPPED_minmax_IFw1080q030_AEw1080q950,Point,1373,1465,-92,-6%,69409
CAPPED_minmax_IFw1080q030_AEw1080q950,Pattern,2651,2853,-202,-7%,69409
CAPPED_minmax_IFw1080q030_AEw1080q950,Compound,540,618,-78,-13%,69409
CAPPED_minmax_IFw1080q030_AEw1080q975,Point,1489,1465,24,2%,69409
CAPPED_minmax_IFw1080q030_AEw1080q975,Pattern,1427,2853,-1426,-50%,69409
CAPPED_minmax_IFw1080q030_AEw1080q975,Compound,424,618,-194,-31%,69409
CAPPED_minmax_IFw1080q030_AEw1080q990,Point,1625,1465,160,11%,69409
CAPPED_minmax_IFw1080q030_AEw1080q990,Pattern,652,2853,-2201,-77%,69409
CAPPED_minmax_IFw1080q030_AEw1080q990,Compound,288,618,-330,-53%,69409
CAPPED_minmax_IFw1080q030_AEw336q950,Point,1344,1465,-121,-8%,69409
CAPPED_minmax_IFw1080q030_AEw336q950,Pattern,3146,2853,293,10%,69409
CAPPED_minmax_IFw1080q030_AEw336q950,Compound,569,618,-49,-8%,69409
CAPPED_minmax_IFw1080q030_AEw336q975,Point,1450,1465,-15,-1%,69409
CAPPED_minmax_IFw1080q030_AEw336q975,Pattern,1835,2853,-1018,-36%,69409
CAPPED_minmax_IFw1080q030_AEw336q975,Compound,463,618,-155,-25%,69409
CAPPED_minmax_IFw1080q030_AEw336q990,Point,1560,1465,95,6%,69409
CAPPED_minmax_IFw1080q030_AEw336q990,Pattern,997,2853,-1856,-65%,69409
CAPPED_minmax_IFw1080q030_AEw336q990,Compound,353,618,-265,-43%,69409
CAPPED_minmax_IFw1080q030_AEw720q950,Point,1372,1465,-93,-6%,69409
CAPPED_minmax_IFw1080q030_AEw720q950,Pattern,2767,2853,-86,-3%,69409
CAPPED_minmax_IFw1080q030_AEw720q950,Compound,541,618,-77,-12%,69409
CAPPED_minmax_IFw1080q030_AEw720q975,Point,1485,1465,20,1%,69409
CAPPED_minmax_IFw1080q030_AEw720q975,Pattern,1482,2853,-1371,-48%,69409
CAPPED_minmax_IFw1080q030_AEw720q975,Compound,428,618,-190,-31%,69409
CAPPED_minmax_IFw1080q030_AEw720q990,Point,1621,1465,156,11%,69409
CAPPED_minmax_IFw1080q030_AEw720q990,Pattern,744,2853,-2109,-74%,69409
CAPPED_minmax_IFw1080q030_AEw720q990,Compound,292,618,-326,-53%,69409
CAPPED_minmax_IFw1440q010_AEw1080q950,Point,464,1465,-1001,-68%,69409
CAPPED_minmax_IFw1440q010_AEw1080q950,Pattern,2927,2853,74,3%,69409
CAPPED_minmax_IFw1440q010_AEw1080q950,Compound,264,618,-354,-57%,69409
CAPPED_minmax_IFw1440q010_AEw1080q975,Point,515,1465,-950,-65%,69409
CAPPED_minmax_IFw1440q010_AEw1080q975,Pattern,1638,2853,-1215,-43%,69409
CAPPED_minmax_IFw1440q010_AEw1080q975,Compound,213,618,-405,-66%,69409
CAPPED_minmax_IFw1440q010_AEw1080q990,Point,572,1465,-893,-61%,69409
CAPPED_minmax_IFw1440q010_AEw1080q990,Pattern,784,2853,-2069,-73%,69409
CAPPED_minmax_IFw1440q010_AEw1080q990,Compound,156,618,-462,-75%,69409
CAPPED_minmax_IFw1440q010_AEw336q950,Point,454,1465,-1011,-69%,69409
CAPPED_minmax_IFw1440q010_AEw336q950,Pattern,3441,2853,588,21%,69409
CAPPED_minmax_IFw1440q010_AEw336q950,Compound,274,618,-344,-56%,69409
CAPPED_minmax_IFw1440q010_AEw336q975,Point,498,1465,-967,-66%,69409
CAPPED_minmax_IFw1440q010_AEw336q975,Pattern,2068,2853,-785,-28%,69409
CAPPED_minmax_IFw1440q010_AEw336q975,Compound,230,618,-388,-63%,69409
CAPPED_minmax_IFw1440q010_AEw336q990,Point,542,1465,-923,-63%,69409
CAPPED_minmax_IFw1440q010_AEw336q990,Pattern,1164,2853,-1689,-59%,69409
CAPPED_minmax_IFw1440q010_AEw336q990,Compound,186,618,-432,-70%,69409
CAPPED_minmax_IFw1440q010_AEw720q950,Point,465,1465,-1000,-68%,69409
CAPPED_minmax_IFw1440q010_AEw720q950,Pattern,3045,2853,192,7%,69409
CAPPED_minmax_IFw1440q010_AEw720q950,Compound,263,618,-355,-57%,69409
CAPPED_minmax_IFw1440q010_AEw720q975,Point,514,1465,-951,-65%,69409
CAPPED_minmax_IFw1440q010_AEw720q975,Pattern,1696,2853,-1157,-41%,69409
CAPPED_minmax_IFw1440q010_AEw720q975,Compound,214,618,-404,-65%,69409
CAPPED_minmax_IFw1440q010_AEw720q990,Point,565,1465,-900,-61%,69409
CAPPED_minmax_IFw1440q010_AEw720q990,Pattern,873,2853,-1980,-69%,69409
CAPPED_minmax_IFw1440q010_AEw720q990,Compound,163,618,-455,-74%,69409
CAPPED_minmax_IFw1440q030_AEw1080q950,Point,1380,1465,-85,-6%,69409
CAPPED_minmax_IFw1440q030_AEw1080q950,Pattern,2645,2853,-208,-7%,69409
CAPPED_minmax_IFw1440q030_AEw1080q950,Compound,546,618,-72,-12%,69409
CAPPED_minmax_IFw1440q030_AEw1080q975,Point,1499,1465,34,2%,69409
CAPPED_minmax_IFw1440q030_AEw1080q975,Pattern,1424,2853,-1429,-50%,69409
CAPPED_minmax_IFw1440q030_AEw1080q975,Compound,427,618,-191,-31%,69409
CAPPED_minmax_IFw1440q030_AEw1080q990,Point,1638,1465,173,12%,69409
CAPPED_minmax_IFw1440q030_AEw1080q990,Pattern,652,2853,-2201,-77%,69409
CAPPED_minmax_IFw1440q030_AEw1080q990,Compound,288,618,-330,-53%,69409
CAPPED_minmax_IFw1440q030_AEw336q950,Point,1353,1465,-112,-8%,69409
CAPPED_minmax_IFw1440q030_AEw336q950,Pattern,3142,2853,289,10%,69409
CAPPED_minmax_IFw1440q030_AEw336q950,Compound,573,618,-45,-7%,69409
CAPPED_minmax_IFw1440q030_AEw336q975,Point,1460,1465,-5,0%,69409
CAPPED_minmax_IFw1440q030_AEw336q975,Pattern,1832,2853,-1021,-36%,69409
CAPPED_minmax_IFw1440q030_AEw336q975,Compound,466,618,-152,-25%,69409
CAPPED_minmax_IFw1440q030_AEw336q990,Point,1574,1465,109,7%,69409
CAPPED_minmax_IFw1440q030_AEw336q990,Pattern,998,2853,-1855,-65%,69409
CAPPED_minmax_IFw1440q030_AEw336q990,Compound,352,618,-266,-43%,69409
CAPPED_minmax_IFw1440q030_AEw720q950,Point,1381,1465,-84,-6%,69409
CAPPED_minmax_IFw1440q030_AEw720q950,Pattern,2763,2853,-90,-3%,69409
CAPPED_minmax_IFw1440q030_AEw720q950,Compound,545,618,-73,-12%,69409
CAPPED_minmax_IFw1440q030_AEw720q975,Point,1495,1465,30,2%,69409
CAPPED_minmax_IFw1440q030_AEw720q975,Pattern,1479,2853,-1374,-48%,69409
CAPPED_minmax_IFw1440q030_AEw720q975,Compound,431,618,-187,-30%,69409
CAPPED_minmax_IFw1440q030_AEw720q990,Point,1632,1465,167,11%,69409
CAPPED_minmax_IFw1440q030_AEw720q990,Pattern,742,2853,-2111,-74%,69409
CAPPED_minmax_IFw1440q030_AEw720q990,Compound,294,618,-324,-52%,69409
CAPPED_minmax_IFw336q010_AEw1080q950,Point,584,1465,-881,-60%,69409
CAPPED_minmax_IFw336q010_AEw1080q950,Pattern,2956,2853,103,4%,69409
CAPPED_minmax_IFw336q010_AEw1080q950,Compound,235,618,-383,-62%,69409
CAPPED_minmax_IFw336q010_AEw1080q975,Point,642,1465,-823,-56%,69409
CAPPED_minmax_IFw336q010_AEw1080q975,Pattern,1674,2853,-1179,-41%,69409
CAPPED_minmax_IFw336q010_AEw1080q975,Compound,177,618,-441,-71%,69409
CAPPED_minmax_IFw336q010_AEw1080q990,Point,698,1465,-767,-52%,69409
CAPPED_minmax_IFw336q010_AEw1080q990,Pattern,819,2853,-2034,-71%,69409
CAPPED_minmax_IFw336q010_AEw1080q990,Compound,121,618,-497,-80%,69409
CAPPED_minmax_IFw336q010_AEw336q950,Point,559,1465,-906,-62%,69409
CAPPED_minmax_IFw336q010_AEw336q950,Pattern,3455,2853,602,21%,69409
CAPPED_minmax_IFw336q010_AEw336q950,Compound,260,618,-358,-58%,69409
CAPPED_minmax_IFw336q010_AEw336q975,Point,607,1465,-858,-59%,69409
CAPPED_minmax_IFw336q010_AEw336q975,Pattern,2086,2853,-767,-27%,69409
CAPPED_minmax_IFw336q010_AEw336q975,Compound,212,618,-406,-66%,69409
CAPPED_minmax_IFw336q010_AEw336q990,Point,647,1465,-818,-56%,69409
CAPPED_minmax_IFw336q010_AEw336q990,Pattern,1178,2853,-1675,-59%,69409
CAPPED_minmax_IFw336q010_AEw336q990,Compound,172,618,-446,-72%,69409
CAPPED_minmax_IFw336q010_AEw720q950,Point,584,1465,-881,-60%,69409
CAPPED_minmax_IFw336q010_AEw720q950,Pattern,3073,2853,220,8%,69409
CAPPED_minmax_IFw336q010_AEw720q950,Compound,235,618,-383,-62%,69409
CAPPED_minmax_IFw336q010_AEw720q975,Point,634,1465,-831,-57%,69409
CAPPED_minmax_IFw336q010_AEw720q975,Pattern,1725,2853,-1128,-40%,69409
CAPPED_minmax_IFw336q010_AEw720q975,Compound,185,618,-433,-70%,69409
CAPPED_minmax_IFw336q010_AEw720q990,Point,686,1465,-779,-53%,69409
CAPPED_minmax_IFw336q010_AEw720q990,Pattern,903,2853,-1950,-68%,69409
CAPPED_minmax_IFw336q010_AEw720q990,Compound,133,618,-485,-78%,69409
CAPPED_minmax_IFw336q030_AEw1080q950,Point,1461,1465,-4,0%,69409
CAPPED_minmax_IFw336q030_AEw1080q950,Pattern,2676,2853,-177,-6%,69409
CAPPED_minmax_IFw336q030_AEw1080q950,Compound,515,618,-103,-17%,69409
CAPPED_minmax_IFw336q030_AEw1080q975,Point,1583,1465,118,8%,69409
CAPPED_minmax_IFw336q030_AEw1080q975,Pattern,1458,2853,-1395,-49%,69409
CAPPED_minmax_IFw336q030_AEw1080q975,Compound,393,618,-225,-36%,69409
CAPPED_minmax_IFw336q030_AEw1080q990,Point,1709,1465,244,17%,69409
CAPPED_minmax_IFw336q030_AEw1080q990,Pattern,673,2853,-2180,-76%,69409
CAPPED_minmax_IFw336q030_AEw1080q990,Compound,267,618,-351,-57%,69409
CAPPED_minmax_IFw336q030_AEw336q950,Point,1408,1465,-57,-4%,69409
CAPPED_minmax_IFw336q030_AEw336q950,Pattern,3147,2853,294,10%,69409
CAPPED_minmax_IFw336q030_AEw336q950,Compound,568,618,-50,-8%,69409
CAPPED_minmax_IFw336q030_AEw336q975,Point,1509,1465,44,3%,69409
CAPPED_minmax_IFw336q030_AEw336q975,Pattern,1831,2853,-1022,-36%,69409
CAPPED_minmax_IFw336q030_AEw336q975,Compound,467,618,-151,-24%,69409
CAPPED_minmax_IFw336q030_AEw336q990,Point,1617,1465,152,10%,69409
CAPPED_minmax_IFw336q030_AEw336q990,Pattern,991,2853,-1862,-65%,69409
CAPPED_minmax_IFw336q030_AEw336q990,Compound,359,618,-259,-42%,69409
CAPPED_minmax_IFw336q030_AEw720q950,Point,1458,1465,-7,0%,69409
CAPPED_minmax_IFw336q030_AEw720q950,Pattern,2790,2853,-63,-2%,69409
CAPPED_minmax_IFw336q030_AEw720q950,Compound,518,618,-100,-16%,69409
CAPPED_minmax_IFw336q030_AEw720q975,Point,1570,1465,105,7%,69409
CAPPED_minmax_IFw336q030_AEw720q975,Pattern,1504,2853,-1349,-47%,69409
CAPPED_minmax_IFw336q030_AEw720q975,Compound,406,618,-212,-34%,69409
CAPPED_minmax_IFw336q030_AEw720q990,Point,1695,1465,230,16%,69409
CAPPED_minmax_IFw336q030_AEw720q990,Pattern,755,2853,-2098,-74%,69409
CAPPED_minmax_IFw336q030_AEw720q990,Compound,281,618,-337,-55%,69409
CAPPED_minmax_IFw720q010_AEw1080q950,Point,515,1465,-950,-65%,69409
CAPPED_minmax_IFw720q010_AEw1080q950,Pattern,2942,2853,89,3%,69409
CAPPED_minmax_IFw720q010_AEw1080q950,Compound,249,618,-369,-60%,69409
CAPPED_minmax_IFw720q010_AEw1080q975,Point,563,1465,-902,-62%,69409
CAPPED_minmax_IFw720q010_AEw1080q975,Pattern,1650,2853,-1203,-42%,69409
CAPPED_minmax_IFw720q010_AEw1080q975,Compound,201,618,-417,-67%,69409
CAPPED_minmax_IFw720q010_AEw1080q990,Point,620,1465,-845,-58%,69409
CAPPED_minmax_IFw720q010_AEw1080q990,Pattern,796,2853,-2057,-72%,69409
CAPPED_minmax_IFw720q010_AEw1080q990,Compound,144,618,-474,-77%,69409
CAPPED_minmax_IFw720q010_AEw336q950,Point,499,1465,-966,-66%,69409
CAPPED_minmax_IFw720q010_AEw336q950,Pattern,3450,2853,597,21%,69409
CAPPED_minmax_IFw720q010_AEw336q950,Compound,265,618,-353,-57%,69409
CAPPED_minmax_IFw720q010_AEw336q975,Point,545,1465,-920,-63%,69409
CAPPED_minmax_IFw720q010_AEw336q975,Pattern,2079,2853,-774,-27%,69409
CAPPED_minmax_IFw720q010_AEw336q975,Compound,219,618,-399,-65%,69409
CAPPED_minmax_IFw720q010_AEw336q990,Point,587,1465,-878,-60%,69409
CAPPED_minmax_IFw720q010_AEw336q990,Pattern,1173,2853,-1680,-59%,69409
CAPPED_minmax_IFw720q010_AEw336q990,Compound,177,618,-441,-71%,69409
CAPPED_minmax_IFw720q010_AEw720q950,Point,512,1465,-953,-65%,69409
CAPPED_minmax_IFw720q010_AEw720q950,Pattern,3056,2853,203,7%,69409
CAPPED_minmax_IFw720q010_AEw720q950,Compound,252,618,-366,-59%,69409
CAPPED_minmax_IFw720q010_AEw720q975,Point,557,1465,-908,-62%,69409
CAPPED_minmax_IFw720q010_AEw720q975,Pattern,1703,2853,-1150,-40%,69409
CAPPED_minmax_IFw720q010_AEw720q975,Compound,207,618,-411,-67%,69409
CAPPED_minmax_IFw720q010_AEw720q990,Point,608,1465,-857,-58%,69409
CAPPED_minmax_IFw720q010_AEw720q990,Pattern,880,2853,-1973,-69%,69409
CAPPED_minmax_IFw720q010_AEw720q990,Compound,156,618,-462,-75%,69409
CAPPED_minmax_IFw720q030_AEw1080q950,Point,1411,1465,-54,-4%,69409
CAPPED_minmax_IFw720q030_AEw1080q950,Pattern,2665,2853,-188,-7%,69409
CAPPED_minmax_IFw720q030_AEw1080q950,Compound,526,618,-92,-15%,69409
CAPPED_minmax_IFw720q030_AEw1080q975,Point,1525,1465,60,4%,69409
CAPPED_minmax_IFw720q030_AEw1080q975,Pattern,1439,2853,-1414,-50%,69409
CAPPED_minmax_IFw720q030_AEw1080q975,Compound,412,618,-206,-33%,69409
CAPPED_minmax_IFw720q030_AEw1080q990,Point,1653,1465,188,13%,69409
CAPPED_minmax_IFw720q030_AEw1080q990,Pattern,656,2853,-2197,-77%,69409
CAPPED_minmax_IFw720q030_AEw1080q990,Compound,284,618,-334,-54%,69409
CAPPED_minmax_IFw720q030_AEw336q950,Point,1379,1465,-86,-6%,69409
CAPPED_minmax_IFw720q030_AEw336q950,Pattern,3157,2853,304,11%,69409
CAPPED_minmax_IFw720q030_AEw336q950,Compound,558,618,-60,-10%,69409
CAPPED_minmax_IFw720q030_AEw336q975,Point,1481,1465,16,1%,69409
CAPPED_minmax_IFw720q030_AEw336q975,Pattern,1842,2853,-1011,-35%,69409
CAPPED_minmax_IFw720q030_AEw336q975,Compound,456,618,-162,-26%,69409
CAPPED_minmax_IFw720q030_AEw336q990,Point,1586,1465,121,8%,69409
CAPPED_minmax_IFw720q030_AEw336q990,Pattern,999,2853,-1854,-65%,69409
CAPPED_minmax_IFw720q030_AEw336q990,Compound,351,618,-267,-43%,69409
CAPPED_minmax_IFw720q030_AEw720q950,Point,1404,1465,-61,-4%,69409
CAPPED_minmax_IFw720q030_AEw720q950,Pattern,2775,2853,-78,-3%,69409
CAPPED_minmax_IFw720q030_AEw720q950,Compound,533,618,-85,-14%,69409
CAPPED_minmax_IFw720q030_AEw720q975,Point,1514,1465,49,3%,69409
CAPPED_minmax_IFw720q030_AEw720q975,Pattern,1487,2853,-1366,-48%,69409
CAPPED_minmax_IFw720q030_AEw720q975,Compound,423,618,-195,-32%,69409
CAPPED_minmax_IFw720q030_AEw720q990,Point,1645,1465,180,12%,69409
CAPPED_minmax_IFw720q030_AEw720q990,Pattern,744,2853,-2109,-74%,69409
CAPPED_minmax_IFw720q030_AEw720q990,Compound,292,618,-326,-53%,69409
DWELL_PATTERN_IFw1080q010_AEw1080q950,Point,562,1465,-903,-62%,69409
DWELL_PATTERN_IFw1080q010_AEw1080q950,Pattern,1738,2853,-1115,-39%,69409
DWELL_PATTERN_IFw1080q010_AEw1080q950,Compound,154,618,-464,-75%,69409
DWELL_PATTERN_IFw1080q010_AEw1080q975,Point,598,1465,-867,-59%,69409
DWELL_PATTERN_IFw1080q010_AEw1080q975,Pattern,922,2853,-1931,-68%,69409
DWELL_PATTERN_IFw1080q010_AEw1080q975,Compound,118,618,-500,-81%,69409
DWELL_PATTERN_IFw1080q010_AEw1080q990,Point,635,1465,-830,-57%,69409
DWELL_PATTERN_IFw1080q010_AEw1080q990,Pattern,384,2853,-2469,-87%,69409
DWELL_PATTERN_IFw1080q010_AEw1080q990,Compound,81,618,-537,-87%,69409
DWELL_PATTERN_IFw1080q010_AEw336q950,Point,550,1465,-915,-62%,69409
DWELL_PATTERN_IFw1080q010_AEw336q950,Pattern,1908,2853,-945,-33%,69409
DWELL_PATTERN_IFw1080q010_AEw336q950,Compound,166,618,-452,-73%,69409
DWELL_PATTERN_IFw1080q010_AEw336q975,Point,584,1465,-881,-60%,69409
DWELL_PATTERN_IFw1080q010_AEw336q975,Pattern,1024,2853,-1829,-64%,69409
DWELL_PATTERN_IFw1080q010_AEw336q975,Compound,132,618,-486,-79%,69409
DWELL_PATTERN_IFw1080q010_AEw336q990,Point,625,1465,-840,-57%,69409
DWELL_PATTERN_IFw1080q010_AEw336q990,Pattern,445,2853,-2408,-84%,69409
DWELL_PATTERN_IFw1080q010_AEw336q990,Compound,91,618,-527,-85%,69409
DWELL_PATTERN_IFw1080q010_AEw720q950,Point,557,1465,-908,-62%,69409
DWELL_PATTERN_IFw1080q010_AEw720q950,Pattern,1783,2853,-1070,-38%,69409
DWELL_PATTERN_IFw1080q010_AEw720q950,Compound,159,618,-459,-74%,69409
DWELL_PATTERN_IFw1080q010_AEw720q975,Point,603,1465,-862,-59%,69409
DWELL_PATTERN_IFw1080q010_AEw720q975,Pattern,900,2853,-1953,-68%,69409
DWELL_PATTERN_IFw1080q010_AEw720q975,Compound,113,618,-505,-82%,69409
DWELL_PATTERN_IFw1080q010_AEw720q990,Point,633,1465,-832,-57%,69409
DWELL_PATTERN_IFw1080q010_AEw720q990,Pattern,410,2853,-2443,-86%,69409
DWELL_PATTERN_IFw1080q010_AEw720q990,Compound,83,618,-535,-87%,69409
DWELL_PATTERN_IFw1080q030_AEw1080q950,Point,1583,1465,118,8%,69409
DWELL_PATTERN_IFw1080q030_AEw1080q950,Pattern,1562,2853,-1291,-45%,69409
DWELL_PATTERN_IFw1080q030_AEw1080q950,Compound,330,618,-288,-47%,69409
DWELL_PATTERN_IFw1080q030_AEw1080q975,Point,1662,1465,197,13%,69409
DWELL_PATTERN_IFw1080q030_AEw1080q975,Pattern,789,2853,-2064,-72%,69409
DWELL_PATTERN_IFw1080q030_AEw1080q975,Compound,251,618,-367,-59%,69409
DWELL_PATTERN_IFw1080q030_AEw1080q990,Point,1771,1465,306,21%,69409
DWELL_PATTERN_IFw1080q030_AEw1080q990,Pattern,323,2853,-2530,-89%,69409
DWELL_PATTERN_IFw1080q030_AEw1080q990,Compound,142,618,-476,-77%,69409
DWELL_PATTERN_IFw1080q030_AEw336q950,Point,1574,1465,109,7%,69409
DWELL_PATTERN_IFw1080q030_AEw336q950,Pattern,1735,2853,-1118,-39%,69409
DWELL_PATTERN_IFw1080q030_AEw336q950,Compound,339,618,-279,-45%,69409
DWELL_PATTERN_IFw1080q030_AEw336q975,Point,1657,1465,192,13%,69409
DWELL_PATTERN_IFw1080q030_AEw336q975,Pattern,900,2853,-1953,-68%,69409
DWELL_PATTERN_IFw1080q030_AEw336q975,Compound,256,618,-362,-59%,69409
DWELL_PATTERN_IFw1080q030_AEw336q990,Point,1752,1465,287,20%,69409
DWELL_PATTERN_IFw1080q030_AEw336q990,Pattern,375,2853,-2478,-87%,69409
DWELL_PATTERN_IFw1080q030_AEw336q990,Compound,161,618,-457,-74%,69409
DWELL_PATTERN_IFw1080q030_AEw720q950,Point,1583,1465,118,8%,69409
DWELL_PATTERN_IFw1080q030_AEw720q950,Pattern,1612,2853,-1241,-43%,69409
DWELL_PATTERN_IFw1080q030_AEw720q950,Compound,330,618,-288,-47%,69409
DWELL_PATTERN_IFw1080q030_AEw720q975,Point,1685,1465,220,15%,69409
DWELL_PATTERN_IFw1080q030_AEw720q975,Pattern,785,2853,-2068,-72%,69409
DWELL_PATTERN_IFw1080q030_AEw720q975,Compound,228,618,-390,-63%,69409
DWELL_PATTERN_IFw1080q030_AEw720q990,Point,1768,1465,303,21%,69409
DWELL_PATTERN_IFw1080q030_AEw720q990,Pattern,348,2853,-2505,-88%,69409
DWELL_PATTERN_IFw1080q030_AEw720q990,Compound,145,618,-473,-77%,69409
DWELL_PATTERN_IFw1440q010_AEw1080q950,Point,566,1465,-899,-61%,69409
DWELL_PATTERN_IFw1440q010_AEw1080q950,Pattern,1730,2853,-1123,-39%,69409
DWELL_PATTERN_IFw1440q010_AEw1080q950,Compound,162,618,-456,-74%,69409
DWELL_PATTERN_IFw1440q010_AEw1080q975,Point,607,1465,-858,-59%,69409
DWELL_PATTERN_IFw1440q010_AEw1080q975,Pattern,919,2853,-1934,-68%,69409
DWELL_PATTERN_IFw1440q010_AEw1080q975,Compound,121,618,-497,-80%,69409
DWELL_PATTERN_IFw1440q010_AEw1080q990,Point,646,1465,-819,-56%,69409
DWELL_PATTERN_IFw1440q010_AEw1080q990,Pattern,383,2853,-2470,-87%,69409
DWELL_PATTERN_IFw1440q010_AEw1080q990,Compound,82,618,-536,-87%,69409
DWELL_PATTERN_IFw1440q010_AEw336q950,Point,562,1465,-903,-62%,69409
DWELL_PATTERN_IFw1440q010_AEw336q950,Pattern,1908,2853,-945,-33%,69409
DWELL_PATTERN_IFw1440q010_AEw336q950,Compound,166,618,-452,-73%,69409
DWELL_PATTERN_IFw1440q010_AEw336q975,Point,594,1465,-871,-59%,69409
DWELL_PATTERN_IFw1440q010_AEw336q975,Pattern,1022,2853,-1831,-64%,69409
DWELL_PATTERN_IFw1440q010_AEw336q975,Compound,134,618,-484,-78%,69409
DWELL_PATTERN_IFw1440q010_AEw336q990,Point,636,1465,-829,-57%,69409
DWELL_PATTERN_IFw1440q010_AEw336q990,Pattern,444,2853,-2409,-84%,69409
DWELL_PATTERN_IFw1440q010_AEw336q990,Compound,92,618,-526,-85%,69409
DWELL_PATTERN_IFw1440q010_AEw720q950,Point,565,1465,-900,-61%,69409
DWELL_PATTERN_IFw1440q010_AEw720q950,Pattern,1779,2853,-1074,-38%,69409
DWELL_PATTERN_IFw1440q010_AEw720q950,Compound,163,618,-455,-74%,69409
DWELL_PATTERN_IFw1440q010_AEw720q975,Point,614,1465,-851,-58%,69409
DWELL_PATTERN_IFw1440q010_AEw720q975,Pattern,899,2853,-1954,-68%,69409
DWELL_PATTERN_IFw1440q010_AEw720q975,Compound,114,618,-504,-82%,69409
DWELL_PATTERN_IFw1440q010_AEw720q990,Point,644,1465,-821,-56%,69409
DWELL_PATTERN_IFw1440q010_AEw720q990,Pattern,409,2853,-2444,-86%,69409
DWELL_PATTERN_IFw1440q010_AEw720q990,Compound,84,618,-534,-86%,69409
DWELL_PATTERN_IFw1440q030_AEw1080q950,Point,1589,1465,124,8%,69409
DWELL_PATTERN_IFw1440q030_AEw1080q950,Pattern,1555,2853,-1298,-45%,69409
DWELL_PATTERN_IFw1440q030_AEw1080q950,Compound,337,618,-281,-45%,69409
DWELL_PATTERN_IFw1440q030_AEw1080q975,Point,1669,1465,204,14%,69409
DWELL_PATTERN_IFw1440q030_AEw1080q975,Pattern,783,2853,-2070,-73%,69409
DWELL_PATTERN_IFw1440q030_AEw1080q975,Compound,257,618,-361,-58%,69409
DWELL_PATTERN_IFw1440q030_AEw1080q990,Point,1783,1465,318,22%,69409
DWELL_PATTERN_IFw1440q030_AEw1080q990,Pattern,322,2853,-2531,-89%,69409
DWELL_PATTERN_IFw1440q030_AEw1080q990,Compound,143,618,-475,-77%,69409
DWELL_PATTERN_IFw1440q030_AEw336q950,Point,1581,1465,116,8%,69409
DWELL_PATTERN_IFw1440q030_AEw336q950,Pattern,1729,2853,-1124,-39%,69409
DWELL_PATTERN_IFw1440q030_AEw336q950,Compound,345,618,-273,-44%,69409
DWELL_PATTERN_IFw1440q030_AEw336q975,Point,1665,1465,200,14%,69409
DWELL_PATTERN_IFw1440q030_AEw336q975,Pattern,895,2853,-1958,-69%,69409
DWELL_PATTERN_IFw1440q030_AEw336q975,Compound,261,618,-357,-58%,69409
DWELL_PATTERN_IFw1440q030_AEw336q990,Point,1764,1465,299,20%,69409
DWELL_PATTERN_IFw1440q030_AEw336q990,Pattern,374,2853,-2479,-87%,69409
DWELL_PATTERN_IFw1440q030_AEw336q990,Compound,162,618,-456,-74%,69409
DWELL_PATTERN_IFw1440q030_AEw720q950,Point,1590,1465,125,9%,69409
DWELL_PATTERN_IFw1440q030_AEw720q950,Pattern,1606,2853,-1247,-44%,69409
DWELL_PATTERN_IFw1440q030_AEw720q950,Compound,336,618,-282,-46%,69409
DWELL_PATTERN_IFw1440q030_AEw720q975,Point,1693,1465,228,16%,69409
DWELL_PATTERN_IFw1440q030_AEw720q975,Pattern,780,2853,-2073,-73%,69409
DWELL_PATTERN_IFw1440q030_AEw720q975,Compound,233,618,-385,-62%,69409
DWELL_PATTERN_IFw1440q030_AEw720q990,Point,1780,1465,315,22%,69409
DWELL_PATTERN_IFw1440q030_AEw720q990,Pattern,347,2853,-2506,-88%,69409
DWELL_PATTERN_IFw1440q030_AEw720q990,Compound,146,618,-472,-76%,69409
DWELL_PATTERN_IFw336q010_AEw1080q950,Point,698,1465,-767,-52%,69409
DWELL_PATTERN_IFw336q010_AEw1080q950,Pattern,1771,2853,-1082,-38%,69409
DWELL_PATTERN_IFw336q010_AEw1080q950,Compound,121,618,-497,-80%,69409
DWELL_PATTERN_IFw336q010_AEw1080q975,Point,734,1465,-731,-50%,69409
DWELL_PATTERN_IFw336q010_AEw1080q975,Pattern,955,2853,-1898,-67%,69409
DWELL_PATTERN_IFw336q010_AEw1080q975,Compound,85,618,-533,-86%,69409
DWELL_PATTERN_IFw336q010_AEw1080q990,Point,763,1465,-702,-48%,69409
DWELL_PATTERN_IFw336q010_AEw1080q990,Pattern,409,2853,-2444,-86%,69409
DWELL_PATTERN_IFw336q010_AEw1080q990,Compound,56,618,-562,-91%,69409
DWELL_PATTERN_IFw336q010_AEw336q950,Point,682,1465,-783,-53%,69409
DWELL_PATTERN_IFw336q010_AEw336q950,Pattern,1937,2853,-916,-32%,69409
DWELL_PATTERN_IFw336q010_AEw336q950,Compound,137,618,-481,-78%,69409
DWELL_PATTERN_IFw336q010_AEw336q975,Point,716,1465,-749,-51%,69409
DWELL_PATTERN_IFw336q010_AEw336q975,Pattern,1053,2853,-1800,-63%,69409
DWELL_PATTERN_IFw336q010_AEw336q975,Compound,103,618,-515,-83%,69409
DWELL_PATTERN_IFw336q010_AEw336q990,Point,749,1465,-716,-49%,69409
DWELL_PATTERN_IFw336q010_AEw336q990,Pattern,466,2853,-2387,-84%,69409
DWELL_PATTERN_IFw336q010_AEw336q990,Compound,70,618,-548,-89%,69409
DWELL_PATTERN_IFw336q010_AEw720q950,Point,694,1465,-771,-53%,69409
DWELL_PATTERN_IFw336q010_AEw720q950,Pattern,1817,2853,-1036,-36%,69409
DWELL_PATTERN_IFw336q010_AEw720q950,Compound,125,618,-493,-80%,69409
DWELL_PATTERN_IFw336q010_AEw720q975,Point,736,1465,-729,-50%,69409
DWELL_PATTERN_IFw336q010_AEw720q975,Pattern,930,2853,-1923,-67%,69409
DWELL_PATTERN_IFw336q010_AEw720q975,Compound,83,618,-535,-87%,69409
DWELL_PATTERN_IFw336q010_AEw720q990,Point,763,1465,-702,-48%,69409
DWELL_PATTERN_IFw336q010_AEw720q990,Pattern,437,2853,-2416,-85%,69409
DWELL_PATTERN_IFw336q010_AEw720q990,Compound,56,618,-562,-91%,69409
DWELL_PATTERN_IFw336q030_AEw1080q950,Point,1676,1465,211,14%,69409
DWELL_PATTERN_IFw336q030_AEw1080q950,Pattern,1592,2853,-1261,-44%,69409
DWELL_PATTERN_IFw336q030_AEw1080q950,Compound,300,618,-318,-51%,69409
DWELL_PATTERN_IFw336q030_AEw1080q975,Point,1753,1465,288,20%,69409
DWELL_PATTERN_IFw336q030_AEw1080q975,Pattern,817,2853,-2036,-71%,69409
DWELL_PATTERN_IFw336q030_AEw1080q975,Compound,223,618,-395,-64%,69409
DWELL_PATTERN_IFw336q030_AEw1080q990,Point,1849,1465,384,26%,69409
DWELL_PATTERN_IFw336q030_AEw1080q990,Pattern,338,2853,-2515,-88%,69409
DWELL_PATTERN_IFw336q030_AEw1080q990,Compound,127,618,-491,-79%,69409
DWELL_PATTERN_IFw336q030_AEw336q950,Point,1645,1465,180,12%,69409
DWELL_PATTERN_IFw336q030_AEw336q950,Pattern,1743,2853,-1110,-39%,69409
DWELL_PATTERN_IFw336q030_AEw336q950,Compound,331,618,-287,-46%,69409
DWELL_PATTERN_IFw336q030_AEw336q975,Point,1718,1465,253,17%,69409
DWELL_PATTERN_IFw336q030_AEw336q975,Pattern,898,2853,-1955,-69%,69409
DWELL_PATTERN_IFw336q030_AEw336q975,Compound,258,618,-360,-58%,69409
DWELL_PATTERN_IFw336q030_AEw336q990,Point,1815,1465,350,24%,69409
DWELL_PATTERN_IFw336q030_AEw336q990,Pattern,375,2853,-2478,-87%,69409
DWELL_PATTERN_IFw336q030_AEw336q990,Compound,161,618,-457,-74%,69409
DWELL_PATTERN_IFw336q030_AEw720q950,Point,1674,1465,209,14%,69409
DWELL_PATTERN_IFw336q030_AEw720q950,Pattern,1640,2853,-1213,-43%,69409
DWELL_PATTERN_IFw336q030_AEw720q950,Compound,302,618,-316,-51%,69409
DWELL_PATTERN_IFw336q030_AEw720q975,Point,1769,1465,304,21%,69409
DWELL_PATTERN_IFw336q030_AEw720q975,Pattern,806,2853,-2047,-72%,69409
DWELL_PATTERN_IFw336q030_AEw720q975,Compound,207,618,-411,-67%,69409
DWELL_PATTERN_IFw336q030_AEw720q990,Point,1841,1465,376,26%,69409
DWELL_PATTERN_IFw336q030_AEw720q990,Pattern,358,2853,-2495,-87%,69409
DWELL_PATTERN_IFw336q030_AEw720q990,Compound,135,618,-483,-78%,69409
DWELL_PATTERN_IFw720q010_AEw1080q950,Point,619,1465,-846,-58%,69409
DWELL_PATTERN_IFw720q010_AEw1080q950,Pattern,1747,2853,-1106,-39%,69409
DWELL_PATTERN_IFw720q010_AEw1080q950,Compound,145,618,-473,-77%,69409
DWELL_PATTERN_IFw720q010_AEw1080q975,Point,657,1465,-808,-55%,69409
DWELL_PATTERN_IFw720q010_AEw1080q975,Pattern,933,2853,-1920,-67%,69409
DWELL_PATTERN_IFw720q010_AEw1080q975,Compound,107,618,-511,-83%,69409
DWELL_PATTERN_IFw720q010_AEw1080q990,Point,694,1465,-771,-53%,69409
DWELL_PATTERN_IFw720q010_AEw1080q990,Pattern,395,2853,-2458,-86%,69409
DWELL_PATTERN_IFw720q010_AEw1080q990,Compound,70,618,-548,-89%,69409
DWELL_PATTERN_IFw720q010_AEw336q950,Point,607,1465,-858,-59%,69409
DWELL_PATTERN_IFw720q010_AEw336q950,Pattern,1917,2853,-936,-33%,69409
DWELL_PATTERN_IFw720q010_AEw336q950,Compound,157,618,-461,-75%,69409
DWELL_PATTERN_IFw720q010_AEw336q975,Point,641,1465,-824,-56%,69409
DWELL_PATTERN_IFw720q010_AEw336q975,Pattern,1033,2853,-1820,-64%,69409
DWELL_PATTERN_IFw720q010_AEw336q975,Compound,123,618,-495,-80%,69409
DWELL_PATTERN_IFw720q010_AEw336q990,Point,684,1465,-781,-53%,69409
DWELL_PATTERN_IFw720q010_AEw336q990,Pattern,456,2853,-2397,-84%,69409
DWELL_PATTERN_IFw720q010_AEw336q990,Compound,80,618,-538,-87%,69409
DWELL_PATTERN_IFw720q010_AEw720q950,Point,613,1465,-852,-58%,69409
DWELL_PATTERN_IFw720q010_AEw720q950,Pattern,1791,2853,-1062,-37%,69409
DWELL_PATTERN_IFw720q010_AEw720q950,Compound,151,618,-467,-76%,69409
DWELL_PATTERN_IFw720q010_AEw720q975,Point,660,1465,-805,-55%,69409
DWELL_PATTERN_IFw720q010_AEw720q975,Pattern,909,2853,-1944,-68%,69409
DWELL_PATTERN_IFw720q010_AEw720q975,Compound,104,618,-514,-83%,69409
DWELL_PATTERN_IFw720q010_AEw720q990,Point,690,1465,-775,-53%,69409
DWELL_PATTERN_IFw720q010_AEw720q990,Pattern,419,2853,-2434,-85%,69409
DWELL_PATTERN_IFw720q010_AEw720q990,Compound,74,618,-544,-88%,69409
DWELL_PATTERN_IFw720q030_AEw1080q950,Point,1618,1465,153,10%,69409
DWELL_PATTERN_IFw720q030_AEw1080q950,Pattern,1573,2853,-1280,-45%,69409
DWELL_PATTERN_IFw720q030_AEw1080q950,Compound,319,618,-299,-48%,69409
DWELL_PATTERN_IFw720q030_AEw1080q975,Point,1695,1465,230,16%,69409
DWELL_PATTERN_IFw720q030_AEw1080q975,Pattern,798,2853,-2055,-72%,69409
DWELL_PATTERN_IFw720q030_AEw1080q975,Compound,242,618,-376,-61%,69409
DWELL_PATTERN_IFw720q030_AEw1080q990,Point,1798,1465,333,23%,69409
DWELL_PATTERN_IFw720q030_AEw1080q990,Pattern,326,2853,-2527,-89%,69409
DWELL_PATTERN_IFw720q030_AEw1080q990,Compound,139,618,-479,-78%,69409
DWELL_PATTERN_IFw720q030_AEw336q950,Point,1608,1465,143,10%,69409
DWELL_PATTERN_IFw720q030_AEw336q950,Pattern,1745,2853,-1108,-39%,69409
DWELL_PATTERN_IFw720q030_AEw336q950,Compound,329,618,-289,-47%,69409
DWELL_PATTERN_IFw720q030_AEw336q975,Point,1685,1465,220,15%,69409
DWELL_PATTERN_IFw720q030_AEw336q975,Pattern,904,2853,-1949,-68%,69409
DWELL_PATTERN_IFw720q030_AEw336q975,Compound,252,618,-366,-59%,69409
DWELL_PATTERN_IFw720q030_AEw336q990,Point,1778,1465,313,21%,69409
DWELL_PATTERN_IFw720q030_AEw336q990,Pattern,377,2853,-2476,-87%,69409
DWELL_PATTERN_IFw720q030_AEw336q990,Compound,159,618,-459,-74%,69409
DWELL_PATTERN_IFw720q030_AEw720q950,Point,1617,1465,152,10%,69409
DWELL_PATTERN_IFw720q030_AEw720q950,Pattern,1622,2853,-1231,-43%,69409
DWELL_PATTERN_IFw720q030_AEw720q950,Compound,320,618,-298,-48%,69409
DWELL_PATTERN_IFw720q030_AEw720q975,Point,1712,1465,247,17%,69409
DWELL_PATTERN_IFw720q030_AEw720q975,Pattern,788,2853,-2065,-72%,69409
DWELL_PATTERN_IFw720q030_AEw720q975,Compound,225,618,-393,-64%,69409
DWELL_PATTERN_IFw720q030_AEw720q990,Point,1792,1465,327,22%,69409
DWELL_PATTERN_IFw720q030_AEw720q990,Pattern,348,2853,-2505,-88%,69409
DWELL_PATTERN_IFw720q030_AEw720q990,Compound,145,618,-473,-77%,69409
adaptive_IFw1080q010_AEw1080q950,Point,446,1465,-1019,-70%,69409
adaptive_IFw1080q010_AEw1080q950,Pattern,3499,2853,646,23%,69409
adaptive_IFw1080q010_AEw1080q950,Compound,276,618,-342,-55%,69409
adaptive_IFw1080q010_AEw1080q975,Point,505,1465,-960,-66%,69409
adaptive_IFw1080q010_AEw1080q975,Pattern,1806,2853,-1047,-37%,69409
adaptive_IFw1080q010_AEw1080q975,Compound,217,618,-401,-65%,69409
adaptive_IFw1080q010_AEw1080q990,Point,563,1465,-902,-62%,69409
adaptive_IFw1080q010_AEw1080q990,Pattern,821,2853,-2032,-71%,69409
adaptive_IFw1080q010_AEw1080q990,Compound,159,618,-459,-74%,69409
adaptive_IFw1080q010_AEw336q950,Point,431,1465,-1034,-71%,69409
adaptive_IFw1080q010_AEw336q950,Pattern,4326,2853,1473,52%,69409
adaptive_IFw1080q010_AEw336q950,Compound,291,618,-327,-53%,69409
adaptive_IFw1080q010_AEw336q975,Point,475,1465,-990,-68%,69409
adaptive_IFw1080q010_AEw336q975,Pattern,2616,2853,-237,-8%,69409
adaptive_IFw1080q010_AEw336q975,Compound,247,618,-371,-60%,69409
adaptive_IFw1080q010_AEw336q990,Point,529,1465,-936,-64%,69409
adaptive_IFw1080q010_AEw336q990,Pattern,1405,2853,-1448,-51%,69409
adaptive_IFw1080q010_AEw336q990,Compound,193,618,-425,-69%,69409
adaptive_IFw1080q010_AEw720q950,Point,446,1465,-1019,-70%,69409
adaptive_IFw1080q010_AEw720q950,Pattern,3673,2853,820,29%,69409
adaptive_IFw1080q010_AEw720q950,Compound,276,618,-342,-55%,69409
adaptive_IFw1080q010_AEw720q975,Point,497,1465,-968,-66%,69409
adaptive_IFw1080q010_AEw720q975,Pattern,1906,2853,-947,-33%,69409
adaptive_IFw1080q010_AEw720q975,Compound,225,618,-393,-64%,69409
adaptive_IFw1080q010_AEw720q990,Point,553,1465,-912,-62%,69409
adaptive_IFw1080q010_AEw720q990,Pattern,966,2853,-1887,-66%,69409
adaptive_IFw1080q010_AEw720q990,Compound,169,618,-449,-73%,69409
adaptive_IFw1080q030_AEw1080q950,Point,1556,1465,91,6%,69409
adaptive_IFw1080q030_AEw1080q950,Pattern,3123,2853,270,9%,69409
adaptive_IFw1080q030_AEw1080q950,Compound,652,618,34,6%,69409
adaptive_IFw1080q030_AEw1080q975,Point,1707,1465,242,17%,69409
adaptive_IFw1080q030_AEw1080q975,Pattern,1522,2853,-1331,-47%,69409
adaptive_IFw1080q030_AEw1080q975,Compound,501,618,-117,-19%,69409
adaptive_IFw1080q030_AEw1080q990,Point,1868,1465,403,28%,69409
adaptive_IFw1080q030_AEw1080q990,Pattern,640,2853,-2213,-78%,69409
adaptive_IFw1080q030_AEw1080q990,Compound,340,618,-278,-45%,69409
adaptive_IFw1080q030_AEw336q950,Point,1522,1465,57,4%,69409
adaptive_IFw1080q030_AEw336q950,Pattern,3931,2853,1078,38%,69409
adaptive_IFw1080q030_AEw336q950,Compound,686,618,68,11%,69409
adaptive_IFw1080q030_AEw336q975,Point,1649,1465,184,13%,69409
adaptive_IFw1080q030_AEw336q975,Pattern,2304,2853,-549,-19%,69409
adaptive_IFw1080q030_AEw336q975,Compound,559,618,-59,-10%,69409
adaptive_IFw1080q030_AEw336q990,Point,1798,1465,333,23%,69409
adaptive_IFw1080q030_AEw336q990,Pattern,1188,2853,-1665,-58%,69409
adaptive_IFw1080q030_AEw336q990,Compound,410,618,-208,-34%,69409
adaptive_IFw1080q030_AEw720q950,Point,1554,1465,89,6%,69409
adaptive_IFw1080q030_AEw720q950,Pattern,3295,2853,442,15%,69409
adaptive_IFw1080q030_AEw720q950,Compound,654,618,36,6%,69409
adaptive_IFw1080q030_AEw720q975,Point,1702,1465,237,16%,69409
adaptive_IFw1080q030_AEw720q975,Pattern,1625,2853,-1228,-43%,69409
adaptive_IFw1080q030_AEw720q975,Compound,506,618,-112,-18%,69409
adaptive_IFw1080q030_AEw720q990,Point,1854,1465,389,27%,69409
adaptive_IFw1080q030_AEw720q990,Pattern,781,2853,-2072,-73%,69409
adaptive_IFw1080q030_AEw720q990,Compound,354,618,-264,-43%,69409
adaptive_IFw1440q010_AEw1080q950,Point,454,1465,-1011,-69%,69409
adaptive_IFw1440q010_AEw1080q950,Pattern,3494,2853,641,22%,69409
adaptive_IFw1440q010_AEw1080q950,Compound,281,618,-337,-55%,69409
adaptive_IFw1440q010_AEw1080q975,Point,515,1465,-950,-65%,69409
adaptive_IFw1440q010_AEw1080q975,Pattern,1803,2853,-1050,-37%,69409
adaptive_IFw1440q010_AEw1080q975,Compound,220,618,-398,-64%,69409
adaptive_IFw1440q010_AEw1080q990,Point,575,1465,-890,-61%,69409
adaptive_IFw1440q010_AEw1080q990,Pattern,820,2853,-2033,-71%,69409
adaptive_IFw1440q010_AEw1080q990,Compound,160,618,-458,-74%,69409
adaptive_IFw1440q010_AEw336q950,Point,438,1465,-1027,-70%,69409
adaptive_IFw1440q010_AEw336q950,Pattern,4320,2853,1467,51%,69409
adaptive_IFw1440q010_AEw336q950,Compound,297,618,-321,-52%,69409
adaptive_IFw1440q010_AEw336q975,Point,484,1465,-981,-67%,69409
adaptive_IFw1440q010_AEw336q975,Pattern,2612,2853,-241,-8%,69409
adaptive_IFw1440q010_AEw336q975,Compound,251,618,-367,-59%,69409
adaptive_IFw1440q010_AEw336q990,Point,541,1465,-924,-63%,69409
adaptive_IFw1440q010_AEw336q990,Pattern,1404,2853,-1449,-51%,69409
adaptive_IFw1440q010_AEw336q990,Compound,194,618,-424,-69%,69409
adaptive_IFw1440q010_AEw720q950,Point,455,1465,-1010,-69%,69409
adaptive_IFw1440q010_AEw720q950,Pattern,3669,2853,816,29%,69409
adaptive_IFw1440q010_AEw720q950,Compound,280,618,-338,-55%,69409
adaptive_IFw1440q010_AEw720q975,Point,508,1465,-957,-65%,69409
adaptive_IFw1440q010_AEw720q975,Pattern,1904,2853,-949,-33%,69409
adaptive_IFw1440q010_AEw720q975,Compound,227,618,-391,-63%,69409
adaptive_IFw1440q010_AEw720q990,Point,568,1465,-897,-61%,69409
adaptive_IFw1440q010_AEw720q990,Pattern,968,2853,-1885,-66%,69409
adaptive_IFw1440q010_AEw720q990,Compound,167,618,-451,-73%,69409
adaptive_IFw1440q030_AEw1080q950,Point,1543,1465,78,5%,69409
adaptive_IFw1440q030_AEw1080q950,Pattern,3135,2853,282,10%,69409
adaptive_IFw1440q030_AEw1080q950,Compound,640,618,22,4%,69409
adaptive_IFw1440q030_AEw1080q975,Point,1697,1465,232,16%,69409
adaptive_IFw1440q030_AEw1080q975,Pattern,1537,2853,-1316,-46%,69409
adaptive_IFw1440q030_AEw1080q975,Compound,486,618,-132,-21%,69409
adaptive_IFw1440q030_AEw1080q990,Point,1851,1465,386,26%,69409
adaptive_IFw1440q030_AEw1080q990,Pattern,648,2853,-2205,-77%,69409
adaptive_IFw1440q030_AEw1080q990,Compound,332,618,-286,-46%,69409
adaptive_IFw1440q030_AEw336q950,Point,1503,1465,38,3%,69409
adaptive_IFw1440q030_AEw336q950,Pattern,3937,2853,1084,38%,69409
adaptive_IFw1440q030_AEw336q950,Compound,680,618,62,10%,69409
adaptive_IFw1440q030_AEw336q975,Point,1630,1465,165,11%,69409
adaptive_IFw1440q030_AEw336q975,Pattern,2310,2853,-543,-19%,69409
adaptive_IFw1440q030_AEw336q975,Compound,553,618,-65,-11%,69409
adaptive_IFw1440q030_AEw336q990,Point,1778,1465,313,21%,69409
adaptive_IFw1440q030_AEw336q990,Pattern,1193,2853,-1660,-58%,69409
adaptive_IFw1440q030_AEw336q990,Compound,405,618,-213,-34%,69409
adaptive_IFw1440q030_AEw720q950,Point,1542,1465,77,5%,69409
adaptive_IFw1440q030_AEw720q950,Pattern,3308,2853,455,16%,69409
adaptive_IFw1440q030_AEw720q950,Compound,641,618,23,4%,69409
adaptive_IFw1440q030_AEw720q975,Point,1684,1465,219,15%,69409
adaptive_IFw1440q030_AEw720q975,Pattern,1632,2853,-1221,-43%,69409
adaptive_IFw1440q030_AEw720q975,Compound,499,618,-119,-19%,69409
adaptive_IFw1440q030_AEw720q990,Point,1836,1465,371,25%,69409
adaptive_IFw1440q030_AEw720q990,Pattern,788,2853,-2065,-72%,69409
adaptive_IFw1440q030_AEw720q990,Compound,347,618,-271,-44%,69409
adaptive_IFw336q010_AEw1080q950,Point,595,1465,-870,-59%,69409
adaptive_IFw336q010_AEw1080q950,Pattern,3507,2853,654,23%,69409
adaptive_IFw336q010_AEw1080q950,Compound,268,618,-350,-57%,69409
adaptive_IFw336q010_AEw1080q975,Point,665,1465,-800,-55%,69409
adaptive_IFw336q010_AEw1080q975,Pattern,1825,2853,-1028,-36%,69409
adaptive_IFw336q010_AEw1080q975,Compound,198,618,-420,-68%,69409
adaptive_IFw336q010_AEw1080q990,Point,726,1465,-739,-50%,69409
adaptive_IFw336q010_AEw1080q990,Pattern,843,2853,-2010,-70%,69409
adaptive_IFw336q010_AEw1080q990,Compound,137,618,-481,-78%,69409
adaptive_IFw336q010_AEw336q950,Point,561,1465,-904,-62%,69409
adaptive_IFw336q010_AEw336q950,Pattern,4315,2853,1462,51%,69409
adaptive_IFw336q010_AEw336q950,Compound,302,618,-316,-51%,69409
adaptive_IFw336q010_AEw336q975,Point,606,1465,-859,-59%,69409
adaptive_IFw336q010_AEw336q975,Pattern,2606,2853,-247,-9%,69409
adaptive_IFw336q010_AEw336q975,Compound,257,618,-361,-58%,69409
adaptive_IFw336q010_AEw336q990,Point,666,1465,-799,-55%,69409
adaptive_IFw336q010_AEw336q990,Pattern,1401,2853,-1452,-51%,69409
adaptive_IFw336q010_AEw336q990,Compound,197,618,-421,-68%,69409
adaptive_IFw336q010_AEw720q950,Point,595,1465,-870,-59%,69409
adaptive_IFw336q010_AEw720q950,Pattern,3681,2853,828,29%,69409
adaptive_IFw336q010_AEw720q950,Compound,268,618,-350,-57%,69409
adaptive_IFw336q010_AEw720q975,Point,651,1465,-814,-56%,69409
adaptive_IFw336q010_AEw720q975,Pattern,1919,2853,-934,-33%,69409
adaptive_IFw336q010_AEw720q975,Compound,212,618,-406,-66%,69409
adaptive_IFw336q010_AEw720q990,Point,708,1465,-757,-52%,69409
adaptive_IFw336q010_AEw720q990,Pattern,980,2853,-1873,-66%,69409
adaptive_IFw336q010_AEw720q990,Compound,155,618,-463,-75%,69409
adaptive_IFw336q030_AEw1080q950,Point,1841,1465,376,26%,69409
adaptive_IFw336q030_AEw1080q950,Pattern,3115,2853,262,9%,69409
adaptive_IFw336q030_AEw1080q950,Compound,660,618,42,7%,69409
adaptive_IFw336q030_AEw1080q975,Point,2026,1465,561,38%,69409
adaptive_IFw336q030_AEw1080q975,Pattern,1548,2853,-1305,-46%,69409
adaptive_IFw336q030_AEw1080q975,Compound,475,618,-143,-23%,69409
adaptive_IFw336q030_AEw1080q990,Point,2188,1465,723,49%,69409
adaptive_IFw336q030_AEw1080q990,Pattern,667,2853,-2186,-77%,69409
adaptive_IFw336q030_AEw1080q990,Compound,313,618,-305,-49%,69409
adaptive_IFw336q030_AEw336q950,Point,1722,1465,257,18%,69409
adaptive_IFw336q030_AEw336q950,Pattern,3838,2853,985,35%,69409
adaptive_IFw336q030_AEw336q950,Compound,779,618,161,26%,69409
adaptive_IFw336q030_AEw336q975,Point,1865,1465,400,27%,69409
adaptive_IFw336q030_AEw336q975,Pattern,2227,2853,-626,-22%,69409
adaptive_IFw336q030_AEw336q975,Compound,636,618,18,3%,69409
adaptive_IFw336q030_AEw336q990,Point,2030,1465,565,39%,69409
adaptive_IFw336q030_AEw336q990,Pattern,1127,2853,-1726,-60%,69409
adaptive_IFw336q030_AEw336q990,Compound,471,618,-147,-24%,69409
adaptive_IFw336q030_AEw720q950,Point,1820,1465,355,24%,69409
adaptive_IFw336q030_AEw720q950,Pattern,3268,2853,415,15%,69409
adaptive_IFw336q030_AEw720q950,Compound,681,618,63,10%,69409
adaptive_IFw336q030_AEw720q975,Point,2003,1465,538,37%,69409
adaptive_IFw336q030_AEw720q975,Pattern,1633,2853,-1220,-43%,69409
adaptive_IFw336q030_AEw720q975,Compound,498,618,-120,-19%,69409
adaptive_IFw336q030_AEw720q990,Point,2164,1465,699,48%,69409
adaptive_IFw336q030_AEw720q990,Pattern,798,2853,-2055,-72%,69409
adaptive_IFw336q030_AEw720q990,Compound,337,618,-281,-45%,69409
adaptive_IFw720q010_AEw1080q950,Point,505,1465,-960,-66%,69409
adaptive_IFw720q010_AEw1080q950,Pattern,3508,2853,655,23%,69409
adaptive_IFw720q010_AEw1080q950,Compound,267,618,-351,-57%,69409
adaptive_IFw720q010_AEw1080q975,Point,564,1465,-901,-62%,69409
adaptive_IFw720q010_AEw1080q975,Pattern,1815,2853,-1038,-36%,69409
adaptive_IFw720q010_AEw1080q975,Compound,208,618,-410,-66%,69409
adaptive_IFw720q010_AEw1080q990,Point,623,1465,-842,-57%,69409
adaptive_IFw720q010_AEw1080q990,Pattern,831,2853,-2022,-71%,69409
adaptive_IFw720q010_AEw1080q990,Compound,149,618,-469,-76%,69409
adaptive_IFw720q010_AEw336q950,Point,484,1465,-981,-67%,69409
adaptive_IFw720q010_AEw336q950,Pattern,4329,2853,1476,52%,69409
adaptive_IFw720q010_AEw336q950,Compound,288,618,-330,-53%,69409
adaptive_IFw720q010_AEw336q975,Point,530,1465,-935,-64%,69409
adaptive_IFw720q010_AEw336q975,Pattern,2621,2853,-232,-8%,69409
adaptive_IFw720q010_AEw336q975,Compound,242,618,-376,-61%,69409
adaptive_IFw720q010_AEw336q990,Point,587,1465,-878,-60%,69409
adaptive_IFw720q010_AEw336q990,Pattern,1413,2853,-1440,-50%,69409
adaptive_IFw720q010_AEw336q990,Compound,185,618,-433,-70%,69409
adaptive_IFw720q010_AEw720q950,Point,502,1465,-963,-66%,69409
adaptive_IFw720q010_AEw720q950,Pattern,3679,2853,826,29%,69409
adaptive_IFw720q010_AEw720q950,Compound,270,618,-348,-56%,69409
adaptive_IFw720q010_AEw720q975,Point,551,1465,-914,-62%,69409
adaptive_IFw720q010_AEw720q975,Pattern,1910,2853,-943,-33%,69409
adaptive_IFw720q010_AEw720q975,Compound,221,618,-397,-64%,69409
adaptive_IFw720q010_AEw720q990,Point,610,1465,-855,-58%,69409
adaptive_IFw720q010_AEw720q990,Pattern,973,2853,-1880,-66%,69409
adaptive_IFw720q010_AEw720q990,Compound,162,618,-456,-74%,69409
adaptive_IFw720q030_AEw1080q950,Point,1592,1465,127,9%,69409
adaptive_IFw720q030_AEw1080q950,Pattern,3152,2853,299,10%,69409
adaptive_IFw720q030_AEw1080q950,Compound,623,618,5,1%,69409
adaptive_IFw720q030_AEw1080q975,Point,1740,1465,275,19%,69409
adaptive_IFw720q030_AEw1080q975,Pattern,1548,2853,-1305,-46%,69409
adaptive_IFw720q030_AEw1080q975,Compound,475,618,-143,-23%,69409
adaptive_IFw720q030_AEw1080q990,Point,1894,1465,429,29%,69409
adaptive_IFw720q030_AEw1080q990,Pattern,659,2853,-2194,-77%,69409
adaptive_IFw720q030_AEw1080q990,Compound,321,618,-297,-48%,69409
adaptive_IFw720q030_AEw336q950,Point,1542,1465,77,5%,69409
adaptive_IFw720q030_AEw336q950,Pattern,3944,2853,1091,38%,69409
adaptive_IFw720q030_AEw336q950,Compound,673,618,55,9%,69409
adaptive_IFw720q030_AEw336q975,Point,1664,1465,199,14%,69409
adaptive_IFw720q030_AEw336q975,Pattern,2312,2853,-541,-19%,69409
adaptive_IFw720q030_AEw336q975,Compound,551,618,-67,-11%,69409
adaptive_IFw720q030_AEw336q990,Point,1810,1465,345,24%,69409
adaptive_IFw720q030_AEw336q990,Pattern,1193,2853,-1660,-58%,69409
adaptive_IFw720q030_AEw336q990,Compound,405,618,-213,-34%,69409
adaptive_IFw720q030_AEw720q950,Point,1572,1465,107,7%,69409
adaptive_IFw720q030_AEw720q950,Pattern,3306,2853,453,16%,69409
adaptive_IFw720q030_AEw720q950,Compound,643,618,25,4%,69409
adaptive_IFw720q030_AEw720q975,Point,1718,1465,253,17%,69409
adaptive_IFw720q030_AEw720q975,Pattern,1634,2853,-1219,-43%,69409
adaptive_IFw720q030_AEw720q975,Compound,497,618,-121,-20%,69409
adaptive_IFw720q030_AEw720q990,Point,1870,1465,405,28%,69409
adaptive_IFw720q030_AEw720q990,Pattern,790,2853,-2063,-72%,69409
adaptive_IFw720q030_AEw720q990,Compound,345,618,-273,-44%,69409
